 [
  {
    "image1": "https://glossier-prod.imgix.net/products/glossier-cleanser-concentrate-carousel-01.png?auto=compress,format&cs=srgb&w=540",
    "image2": "https://glossier-prod.imgix.net/products/glossier-cleanser-concentrate-carousel-03.png?auto=compress,format&cs=srgb&w=540",
    "image3": "https://glossier-prod.imgix.net/products/glossier-cleanser-concentrate-carousel-02.png?auto=compress,format&cs=srgb&w=540",
    "video1": "https://player.vimeo.com/progressive_redirect/playback/815650642/rendition/480p/file.mp4?loc=external&signature=58ca21976cabfe41540bd1d6d4c3d0240f8cbc99c84ec3509ae496704a4eb872",
    "name": "Cleanser Concentrate",
    "desc": "Clarifying face wash",
    "skinType": "Sensitive",
    "rating": 5,
    "price": "26",
    "category": "Cleansers",
    "bestSelling": "yes",
    "quantity": 1,
    "id": 1
  },
  {
    "image1": "https://glossier-prod.imgix.net/products/glossier-mjc-carousel-01.png?auto=compress,format&cs=srgb&w=540",
    "image2": "https://glossier-prod.imgix.net/products/glossier-mjc-carousel-02.png?auto=compress,format&cs=srgb&w=916",
    "image3": "https://glossier-prod.imgix.net/products/glossier-mjc-carousel-07.png?auto=compress,format&cs=srgb&w=540",
    "video1": "https://player.vimeo.com/progressive_redirect/playback/815656484/rendition/480p/file.mp4?loc=external&signature=6f6c77bf3ae648324b247d8ed8798e9119d4e5513bb53bb899929122e35eba41",
    "name": "Milky Jelly Cleanser",
    "desc": "Conditioning face wash",
    "skinType": "Sensitive",
    "rating": 4,
    "price": "19",
    "category": "Cleansers",
    "bestSelling": "yes",
    "quantity": 1,
    "id": 2
  },
  {
    "image1": "https://glossier-prod.imgix.net/products/glossier-bdc-wildfig-carousel-01.png?auto=compress,format&cs=srgb&w=540",
    "image2": "https://glossier-prod.imgix.net/products/glossier-bdc-wildfig-carousel-08.png?auto=compress,format&cs=srgb&w=540",
    "image3": "https://glossier-prod.imgix.net/products/glossier-bdc-wildfig-carousel-05.png?auto=compress,format&cs=srgb&w=540",
    "video1": "https://player.vimeo.com/progressive_redirect/playback/815629235/rendition/360p/file.mp4?loc=external&signature=84d9ee0a8e909f69f572bb2aff14f1dc62ada444ab618c3b3913c7d75b56e605",
    "name": "Balm Dotcom",
    "desc": "Universal salve",
    "skinType": "Normal",
    "rating": 1,
    "price": "14",
    "category": "Balms",
    "bestSelling": "yes",
    "quantity": 1,
    "id": 3
  },
  {
    "image1": "https://glossier-prod.imgix.net/products/glossier-futuredew-carousel-01.png?auto=compress,format&cs=srgb&w=540",
    "image2": "https://glossier-prod.imgix.net/products/glossier-futuredew-carousel-03.png?auto=compress,format&cs=srgb&w=540",
    "image3": "https://glossier-prod.imgix.net/products/futuredew-2.jpg?auto=compress,format&cs=srgb&w=540",
    "video1": "https://player.vimeo.com/progressive_redirect/playback/815642486/rendition/480p/file.mp4?loc=external&signature=0574411195b6974759ec4c9046dd265d50671f804c539f26d1de22499ec0e2b6",
    "name": "Futuredew",
    "desc": "Oil serum hybrid",
    "skinType": "Sensitive",
    "rating": 9,
    "price": "26",
    "category": "Treatments",
    "bestSelling": "yes",
    "quantity": 1,
    "id": 4
  },
  {
    "image1": "https://glossier-prod.imgix.net/products/glossier-super-bounce-carousel-01_76a56806-4efa-4df0-9beb-2f030da73fa3.png?auto=compress,format&cs=srgb&w=540",
    "image2": "https://glossier-prod.imgix.net/products/glossier-super-bounce-carousel-03.png?auto=compress,format&cs=srgb&w=916",
    "image3": "https://glossier-prod.imgix.net/products/glossier-super-bounce-carousel-02.png?auto=compress,format&cs=srgb&w=916",
    "video1": "https://player.vimeo.com/progressive_redirect/playback/815666849/rendition/480p/file.mp4?loc=external&signature=bc088eadd9a376698c27c89d60edd17e0645ee3ee11fb24a20bd29bc8b89486d",
    "name": "Super Bounce",
    "desc": "vitamin b5 serum",
    "skinType": "Normal",
    "rating": 3,
    "price": "28",
    "category": "Treatments",
    "bestSelling": "yes",
    "quantity": 1,
    "id": 5
  },
  {
    "image1": "https://glossier-prod.imgix.net/products/glossier-invisible-shield-carousel-01_f6471fa7-9197-4c39-8cec-00ab11b7691b.png?auto=compress,format&cs=srgb&w=540",
    "image2": "https://glossier-prod.imgix.net/products/glossier-invisible-shield-carousel-04.png?auto=compress,format&cs=srgb&w=540",
    "image3": "https://glossier-prod.imgix.net/products/glossier-invisible-shield-carousel-05.png?auto=compress,format&cs=srgb&w=540",
    "video1": "https://player.vimeo.com/progressive_redirect/playback/815883270/rendition/360p/file.mp4?loc=external&signature=465da0c007b61d45cc841da64c3a063d0efb11f3e2e12e6d9314dbca1d3df1fc",
    "name": "Invisible Shield",
    "desc": "Daily sunscreen",
    "skinType": "Dry",
    "rating": 8,
    "price": "25",
    "category": "Sunscreen",
    "bestSelling": "yes",
    "quantity": 1,
    "id": 6
  },
  {
    "image1": "https://glossier-prod.imgix.net/products/glossier-priming-moisturizer-carousel-01.png?auto=compress,format&cs=srgb&w=540",
    "image2": "https://glossier-prod.imgix.net/products/glossier-priming-moisturizer-carousel-03.png?auto=compress,format&cs=srgb&w=540",
    "image3": "https://glossier-prod.imgix.net/products/glossier-priming-moisturizer-carousel-05.png?auto=compress,format&cs=srgb&w=540",
    "video1": "https://player.vimeo.com/progressive_redirect/playback/815660647/rendition/480p/file.mp4?loc=external&signature=c16ff17f63a58600a7f4b69cfd7f3bb2ce8a271e7c6c395a99375462fc7b4787",
    "name": "Priming Moisturizer",
    "desc": "Buildable hydrating creme",
    "skinType": "Dry",
    "rating": 3,
    "price": "24",
    "category": "Moisturizers",
    "bestSelling": "yes",
    "quantity": 1,
    "id": 7
  },
  {
    "image1": "https://glossier-prod.imgix.net/products/glossier-super-pure-carousel-01_85d96349-189e-4750-808e-f2cef2b2a7ae.png?auto=compress,format&cs=srgb&w=540",
    "image2": "https://glossier-prod.imgix.net/products/glossier-super-pure-carousel-03.png?auto=compress,format&cs=srgb&w=540",
    "image3": "https://glossier-prod.imgix.net/products/glossier-super-pure-carousel-05.png?auto=compress,format&cs=srgb&w=540",
    "video1": "https://player.vimeo.com/progressive_redirect/playback/816253229/rendition/480p/file.mp4?loc=external&signature=96811e01ee2bc8eabf877c09c2e37d0da17d6270d07c7e6aa5393b6e7f5ddaa3",
    "name": "Super Pure",
    "desc": "zinc serum",
    "skinType": "Oily",
    "rating": 1,
    "price": "28",
    "category": "Treatments",
    "bestSelling": "yes",
    "quantity": 1,
    "id": 8
  },
  {
    "image1": "https://glossier-prod.imgix.net/products/glossier-moisturizing-moon-mask-carousel-01_73d37e4e-bcd4-44f7-ad6a-4b5448ebeb60.png?auto=compress,format&cs=srgb&w=540",
    "image2": "https://glossier-prod.imgix.net/files/glossier-moisturizing-moon-mask-ugc-01.png?auto=compress,format&cs=srgb&w=540",
    "image3": "https://glossier-prod.imgix.net/products/glossier-moisturizing-moon-mask-carousel-06.png?auto=compress,format&cs=srgb&w=540",
    "video1": "https://player.vimeo.com/progressive_redirect/playback/815665158/rendition/480p/file.mp4?loc=external&signature=70382f4d12b3411d19d5f553ba8a3e22016139228dffd748707eb9b9ad472b2f",
    "name": "Moisturizing  Mask",
    "desc": "Soothing face treatment",
    "skinType": "Dry",
    "rating": 5,
    "price": 6,
    "category": "Treatments",
    "bestSelling": "yes",
    "quantity": 1,
    "id": 9
  },
  {
    "image1": "https://glossier-prod.imgix.net/products/glossier-pro-retinol-carousel-01_674a9a03-1adf-4a9c-9c47-3fb6ce7abc5d.png?auto=compress,format&cs=srgb&w=540",
    "image2": "https://glossier-prod.imgix.net/products/glossier-pro-retinol-carousel-08.png?auto=compress,format&cs=srgb&w=540",
    "image3": "https://glossier-prod.imgix.net/files/glossier-pro-retinol-ugc-01_668edde0-6e88-4a04-8e0b-42c3f6a30d75.png?auto=compress,format&cs=srgb&w=540",
    "video1": "https://player.vimeo.com/progressive_redirect/playback/816340637/rendition/360p/file.mp4?loc=external&signature=9f200e61ce40c8998750581e6dfe22f92c96f54f1502a6ddf3b1bcbe11565bcd",
    "name": "Universal Pro-Retinol",
    "desc": "Nightly renewing complex",
    "skinType": "Normal",
    "rating": 5,
    "price": "35",
    "category": "Treatments",
    "bestSelling": "yes",
    "quantity": 1,
    "id": 10
  },
  {
    "image1": "https://glossier-prod.imgix.net/products/glossier-solution-carousel-01.png?auto=compress,format&cs=srgb&w=540",
    "image2": "https://glossier-prod.imgix.net/products/glossier-solution-carousel-07.png?auto=compress,format&cs=srgb&w=540",
    "image3": "https://glossier-prod.imgix.net/products/glossier-solution-carousel-05.png?auto=compress,format&cs=srgb&w=540",
    "video1": "https://player.vimeo.com/progressive_redirect/playback/815674018/rendition/480p/file.mp4?loc=external&signature=bed5bf950f686283afb6ff2df1c740b53e28931fb4848d4ca9895e1c34e3ea96",
    "name": "Solution",
    "desc": "Exfoliating skin perfector",
    "skinType": "Sensitive",
    "rating": 8,
    "price": "26",
    "category": "Treatments",
    "bestSelling": "yes",
    "quantity": 1,
    "id": 11
  },
  {
    "image1": "https://glossier-prod.imgix.net/products/glossier-priming-moisturizer-rich-carousel-01.png?auto=compress,format&cs=srgb&w=540",
    "image2": "https://glossier-prod.imgix.net/products/glossier-priming-moisturizer-rich-carousel-08.png?auto=compress,format&cs=srgb&w=540",
    "image3": "https://glossier-prod.imgix.net/files/glossier-priming-moisturizer-rich-module-01.png?auto=compress,format&cs=srgb&w=461",
    "video1": "https://player.vimeo.com/progressive_redirect/playback/815665158/rendition/480p/file.mp4?loc=external&signature=70382f4d12b3411d19d5f553ba8a3e22016139228dffd748707eb9b9ad472b2f",
    "name": "Priming Moisturizer",
    "desc": "Luxurious face cream",
    "skinType": "Sensitive",
    "rating": 4,
    "price": "35",
    "category": "Sunscreen",
    "bestSelling": "yes",
    "quantity": 1,
    "id": 12
  },
  {
    "image1": "https://glossier-prod.imgix.net/products/glossier-after-baume-carousel-01_23fe78f1-1917-42e6-9448-b7f44e65acfc.png?auto=compress,format&cs=srgb&w=540",
    "image2": "https://glossier-prod.imgix.net/products/glossier-after-baume-carousel-08.png?auto=compress,format&cs=srgb&w=540",
    "image3": "https://glossier-prod.imgix.net/files/glossier-after-baume-module-03.png?auto=compress,format&cs=srgb&w=540",
    "video1": "https://player.vimeo.com/progressive_redirect/playback/815636967/rendition/480p/file.mp4?loc=external&signature=5fa1e49c08270c6b21f9f34cc1a8eb1e5d474b7633f99411c00b2ada4b29366c",
    "name": "After Baume",
    "desc": "Moisture recovery cream",
    "skinType": "Normal",
    "rating": 8,
    "price": "28",
    "category": "Moisturizers",
    "bestSelling": "yes",
    "quantity": 1,
    "id": 13
  },
  {
    "image1": "https://glossier-prod.imgix.net/products/glossier-priming-moisturizer-balance-carousel-01_4b6e0d57-d05e-46fc-8610-ab6201468c2c.png?auto=compress,format&cs=srgb&w=540",
    "image2": "https://glossier-prod.imgix.net/products/glossier-priming-moisturizer-balance-carousel-08.png?auto=compress,format&cs=srgb&w=540",
    "image3": "https://glossier-prod.imgix.net/products/glossier-priming-moisturizer-balance-carousel-02.png?auto=compress,format&cs=srgb&w=540",
    "video1": "https://player.vimeo.com/progressive_redirect/playback/816316854/rendition/480p/file.mp4?loc=external&signature=59ac9015c9bcc91c42d5eda4f64564e80f859732bb3930e449b5e301df0c9bf7",
    "name": "Moisturizer Balance",
    "desc": "Oil-control cream",
    "skinType": "Oily",
    "rating": 0,
    "price": "25",
    "category": "Moisturizers",
    "bestSelling": "yes",
    "quantity": 1,
    "id": 14
  }
]